<?xml version="1.0" encoding="UTF-8"?>


<!DOCTYPE mapper
  PUBLIC "-//mybatis.org//DTD Config 3.0//EN"
  "http://mybatis.org/dtd/mybatis-3-mapper.dtd">
 
<mapper namespace="game.dori.mapper.MemberMapper">

	<!--  회원가입 아이디 중복체크 용 sql문 -->
	<select id="selectByEmail" resultType="memberVO">
    SELECT * FROM member_tb WHERE member_email = #{email}
	</select>
	 
	 
	 <!--  login sql 구문 -->
	 <select id ="Login" resultType="memberVO">
	 	
	 	select * from member_tb where member_email = #{member_email} and member_pw = #{member_pw}
	 	and member_email_yn = "2"
	 
	 </select>
	 
	<!--  회원가입 정보 멤버 sql 구문 -->
	<insert id="insertMember" parameterType="memberVO" useGeneratedKeys="true" keyProperty="member_idx">
	    INSERT INTO member_tb(MEMBER_EMAIL, MEMBER_EMAIL_KEY, MEMBER_PW, MEMBER_NAME, MEMBER_PHONE)
	    VALUES (#{member_email}, #{member_email_key}, #{member_pw}, #{member_name}, #{member_phone})
	</insert>
	
	<!--  이메일 인증시 yn 업그레이드 sql 구문 -->
	<update id="updateMemberyn" parameterType="memberVO">
	    UPDATE member_tb
	    SET
	        member_email_yn = #{member_email_yn}
	    WHERE
	        member_email = #{member_email}
	</update>
	
</mapper>

